id,first_name,last_name,pesel,street_adress,email_adress
1,Lennie,Rutty,88339589192,25427 Sachtjen Lane,lrutty0@acquirethisname.com
2,Keefer,Trembey,90338440364,06369 Holy Cross Hill,ktrembey1@diigo.com
3,Ingaberg,Bondar,78149764909,2 Chinook Alley,ibondar2@studiopress.com
4,Zacharie,Robet,70998992966,54 Havey Trail,zrobet3@quantcast.com
5,Lesley,Chavrin,31988247414,835 Farmco Circle,lchavrin4@ebay.co.uk
6,Terri,Buckingham,28335051947,40296 Lighthouse Bay Circle,tbuckingham5@plala.or.jp
7,Kikelia,Dovidaitis,46056753651,34806 Ridgeview Point,kdovidaitis6@gnu.org
8,Almira,Portis,54991131014,2 Randy Park,aportis7@java.com
9,Rene,Rahill,49599387960,872 Lakewood Gardens Lane,rrahill8@paginegialle.it
10,Bax,Dendon,13137124802,3796 Weeping Birch Point,bdendon9@xinhuanet.com
11,Dalenna,Lingfoot,88389075682,99514 Pond Street,dlingfoota@gravatar.com
12,Brock,Fridaye,68098588409,67243 Warbler Plaza,bfridayeb@altervista.org
13,Jacynth,Eustis,51949094065,7250 Hoard Pass,jeustisc@spiegel.de
14,Querida,Ell,21921809551,98720 Grim Hill,qelld@ovh.net
15,Daryl,Epsly,20985838070,359 Mosinee Place,depslye@netscape.com
16,Wilow,Gheerhaert,44313769675,808 Beilfuss Drive,wgheerhaertf@zdnet.com
17,Gordy,Madgett,82219809190,80736 Butternut Trail,gmadgettg@reference.com
18,Flora,Lindeberg,63887101725,18 Fieldstone Trail,flindebergh@t-online.de
19,Brewer,Atwool,65844125509,48 Thackeray Crossing,batwooli@ucsd.edu
20,Nealy,Coughan,97423088369,595 Bartelt Place,ncoughanj@trellian.com
21,Merrily,Dearl,90656212906,99845 Algoma Street,mdearlk@skyrock.com
22,Zarla,Barensky,63951630667,4878 Troy Terrace,zbarenskyl@netscape.com
23,Tasia,Ankrett,38510703118,9645 Hermina Road,tankrettm@amazon.co.uk
24,Rhys,Robbs,81997376853,18424 Granby Road,rrobbsn@kickstarter.com
25,Ardeen,Whimp,63463708332,4 Lakeland Junction,awhimpo@zimbio.com
26,Marisa,Croal,46117736108,9 Fairview Park,mcroalp@unicef.org
27,Ernest,Tockell,81115376644,16 Lunder Terrace,etockellq@npr.org
28,Ivett,Pollock,41729660800,561 Mallory Way,ipollockr@unicef.org
29,Devon,Corwood,51639501987,97516 Lukken Terrace,dcorwoods@prlog.org
30,Shell,Hitzmann,36563108850,4 Rutledge Point,shitzmannt@auda.org.au
31,Trista,Nancarrow,58587155494,9277 Southridge Park,tnancarrowu@thetimes.co.uk
32,Benedict,Pettecrew,43787551685,871 1st Hill,bpettecrewv@whitehouse.gov
33,Forrest,Yockley,40323523702,9 Montana Court,fyockleyw@apple.com
34,Sydelle,Faers,22083658551,87749 Debs Court,sfaersx@cnbc.com
35,Say,Slyman,33675057466,34 John Wall Terrace,sslymany@google.pl
36,Wiatt,Rable,55822661118,4 Northridge Hill,wrablez@technorati.com
37,Bellanca,Eastman,91825155061,54303 Mendota Alley,beastman10@opera.com
38,Herminia,Santo,51583713156,3949 Maple Wood Circle,hsanto11@godaddy.com
39,Averil,Dacks,80210811732,9150 Dwight Court,adacks12@cocolog-nifty.com
40,Dagmar,Sherbrooke,95335617264,0945 Melby Plaza,dsherbrooke13@odnoklassniki.ru
41,Roma,Cleeve,28702323545,00 Forest Place,rcleeve14@dion.ne.jp
42,Rosalie,McCuthais,79014550937,4 Scott Lane,rmccuthais15@bigcartel.com
43,Walden,Course,91233742531,68 Alpine Pass,wcourse16@godaddy.com
44,Kevina,Mottley,66440425335,02380 Melody Alley,kmottley17@sbwire.com
45,Kayley,Lunge,91264668876,10452 Dorton Terrace,klunge18@biblegateway.com
46,Willard,Haith,65959749212,08 Harper Point,whaith19@wikipedia.org
47,Ashton,Ball,67249725704,6 Badeau Lane,aball1a@google.pl
48,Prent,Clarae,93799121534,1607 Warbler Alley,pclarae1b@youtu.be
49,Harriot,Sends,72193567437,27 Schurz Point,hsends1c@about.com
50,Pauletta,Delves,17617711252,804 Lillian Crossing,pdelves1d@berkeley.edu
51,Nissie,Berrington,20447614797,66 Utah Terrace,nberrington1e@hatena.ne.jp
52,Marillin,Greenroa,75254634954,30 Calypso Road,mgreenroa1f@prweb.com
53,Leone,Burwell,18797900612,3 Forest Run Trail,lburwell1g@reference.com
54,Tiena,Dennis,86711275858,8 Anzinger Parkway,tdennis1h@vinaora.com
55,Freddie,Foucar,84602468859,25 Hallows Center,ffoucar1i@discovery.com
56,Jenn,Cristoferi,61714653706,294 Jenifer Street,jcristoferi1j@fastcompany.com
57,Sonya,Barford,42059224056,6 Ruskin Avenue,sbarford1k@amazon.co.uk
58,Nathaniel,Burbage,97895808382,37964 Bonner Place,nburbage1l@nsw.gov.au
59,Launce,Sauvan,63410619036,8 Continental Pass,lsauvan1m@netscape.com
60,Law,Lief,61369699603,7 Tony Drive,llief1n@youtube.com
61,Bernadina,Couvert,89161094218,97 Lillian Junction,bcouvert1o@booking.com
62,Roobbie,Ensten,61590433496,3 Parkside Way,rensten1p@cbslocal.com
63,Benedicto,Wellard,19547984554,9037 Mallard Crossing,bwellard1q@clickbank.net
64,Sybilla,Shanley,34510237372,2673 Burning Wood Trail,sshanley1r@bigcartel.com
65,Berkeley,Faulks,79052178545,3543 Declaration Trail,bfaulks1s@theatlantic.com
66,Doy,Stanyon,90196716051,0244 Dapin Center,dstanyon1t@clickbank.net
67,Inglis,Wedmore,36758446022,48 Dahle Parkway,iwedmore1u@yahoo.com
68,Alvera,Mantrip,45745869228,7 Barnett Way,amantrip1v@about.com
69,Fanechka,Le Brun,78555030269,6 Grayhawk Lane,flebrun1w@youku.com
70,Vannie,Peoples,18152285656,5 Jay Circle,vpeoples1x@cloudflare.com
71,Ripley,Yon,67606818866,18077 Hazelcrest Plaza,ryon1y@zdnet.com
72,Verena,Iliffe,36824073467,1 Gateway Park,viliffe1z@msn.com
73,Noellyn,Balma,76000655072,184 Del Mar Point,nbalma20@kickstarter.com
74,Elisabet,Girardot,47331642555,02306 Hermina Park,egirardot21@huffingtonpost.com
75,Everett,Crame,72059990646,292 Toban Street,ecrame22@eepurl.com
76,Marybeth,Cufley,65022858938,4 Dawn Junction,mcufley23@wired.com
77,Janaye,Hearst,11887321224,909 Summerview Trail,jhearst24@toplist.cz
78,Aridatha,Poulett,95246563383,16361 Katie Circle,apoulett25@barnesandnoble.com
79,Bo,Holborn,17105751266,5039 Rockefeller Trail,bholborn26@friendfeed.com
80,Sadella,Beiderbeck,81098400000,0 Florence Crossing,sbeiderbeck27@multiply.com
81,Briney,Josefsen,66023584090,9423 Westport Way,bjosefsen28@soundcloud.com
82,Julie,Tarrier,15732603961,8 John Wall Point,jtarrier29@myspace.com
83,Warden,Sowden,61531772734,02 East Point,wsowden2a@rakuten.co.jp
84,Karry,McMillam,86764883154,6731 Shopko Lane,kmcmillam2b@un.org
85,Gray,Dewar,46494291398,2 Mallard Road,gdewar2c@jalbum.net
86,Sydney,Parmiter,96807244265,1 Thompson Place,sparmiter2d@multiply.com
87,Berrie,Rabbe,69526214078,70 Ridgeview Street,brabbe2e@storify.com
88,Ailsun,Glamart,39389452488,87 Hermina Drive,aglamart2f@phpbb.com
89,Patricia,Metson,56116440762,1 Bluestem Way,pmetson2g@icq.com
90,Keith,Maddyson,88337180623,5907 Colorado Way,kmaddyson2h@ask.com
91,Greer,Medina,48806084222,3 5th Trail,gmedina2i@mail.ru
92,Giffer,Malamore,26827879913,1 8th Alley,gmalamore2j@vinaora.com
93,Nonnah,Hambly,88976343341,1259 South Terrace,nhambly2k@ebay.co.uk
94,Pierette,Lakenden,57635529310,8837 Waxwing Drive,plakenden2l@cdc.gov
95,Hetti,Donizeau,59689425111,38839 Elgar Terrace,hdonizeau2m@hao123.com
96,Fonz,Scoines,94016468549,946 Elmside Circle,fscoines2n@globo.com
97,Janine,McClifferty,91624206355,71736 Continental Park,jmcclifferty2o@ibm.com
98,Joeann,De Zamudio,92306975921,394 Carey Plaza,jdezamudio2p@abc.net.au
99,Lavina,Petofi,65551314519,489 Lukken Point,lpetofi2q@deviantart.com
100,Melba,Ramel,31506043249,37 Cottonwood Parkway,mramel2r@webeden.co.uk
101,Keefe,Oolahan,81681081850,5410 Namekagon Lane,koolahan2s@webmd.com
102,Clementine,Potier,83467037314,77787 Crownhardt Road,cpotier2t@t-online.de
103,Fianna,Morse,40963811785,7562 Clove Hill,fmorse2u@chronoengine.com
104,Teddie,McQuillen,62638350173,6854 Clarendon Drive,tmcquillen2v@skyrock.com
105,Raychel,Gadault,63309005406,7 Pleasure Junction,rgadault2w@dailymotion.com
106,Abigail,Franek,27220335663,1 Fulton Center,afranek2x@cafepress.com
107,Jeffrey,Risdale,70667313698,3292 8th Junction,jrisdale2y@google.com
108,Juline,Dove,91964520913,202 Waubesa Road,jdove2z@youtube.com
109,Hamil,Geertz,99032867627,56 4th Junction,hgeertz30@arstechnica.com
110,Leodora,Beckingham,45719507479,05813 Calypso Pass,lbeckingham31@hubpages.com
111,Justinn,Mowne,91772368327,7666 4th Circle,jmowne32@nba.com
112,Ruthann,Mushrow,88020721591,18 North Road,rmushrow33@hexun.com
113,Christie,Malkie,35349404595,3508 Reindahl Trail,cmalkie34@hubpages.com
114,Ted,Clyne,42717074139,84919 3rd Place,tclyne35@w3.org
115,Lillis,Gipp,48247082823,101 Merchant Hill,lgipp36@msn.com
116,Atlante,Mussolini,33744998169,216 Waxwing Center,amussolini37@themeforest.net
117,Kellyann,Pavia,18818084659,49 Bonner Way,kpavia38@un.org
118,Garrek,Beeke,92793862755,3 Jenifer Trail,gbeeke39@vinaora.com
119,Barnabe,Muggach,36762616586,6209 Garrison Junction,bmuggach3a@weebly.com
120,Lockwood,Caton,63287598233,6425 Northland Parkway,lcaton3b@discovery.com
121,Bethena,Sprowell,62975007315,626 Grim Point,bsprowell3c@booking.com
122,Genevieve,Rouch,71184336724,444 Hoffman Way,grouch3d@ow.ly
123,Udall,Tarquini,44529139583,96 Sutteridge Center,utarquini3e@mozilla.org
124,Beaufort,McKiddin,16379779301,78399 Buena Vista Court,bmckiddin3f@flickr.com
125,Deloria,Bunson,60410362388,74 Quincy Drive,dbunson3g@forbes.com
126,Hadley,Pottage,89690592221,26056 Chinook Crossing,hpottage3h@loc.gov
127,Addia,Phinnessy,53871989930,32 Cherokee Court,aphinnessy3i@baidu.com
128,Samaria,Hanniger,51254785652,3 Butternut Point,shanniger3j@cam.ac.uk
129,Julissa,Berrisford,96074679633,54 Oxford Pass,jberrisford3k@clickbank.net
130,Luca,Dible,29602802483,90 Weeping Birch Center,ldible3l@earthlink.net
131,Clemmy,Woollcott,23732755671,2 Ludington Avenue,cwoollcott3m@edublogs.org
132,Thomasa,Jean,82044142100,9854 Bayside Circle,tjean3n@google.com.hk
133,Whitby,Emms,48598023603,21239 Armistice Parkway,wemms3o@yahoo.co.jp
134,Jocelyn,Cleall,63352089017,316 Crest Line Alley,jcleall3p@scientificamerican.com
135,Corrina,Armand,65317255604,800 Schlimgen Circle,carmand3q@aboutads.info
136,Maurizia,Kalinovich,88357400528,626 Aberg Hill,mkalinovich3r@twitpic.com
137,Park,Attaway,78706742033,37 Bashford Junction,pattaway3s@hubpages.com
138,Gabie,Bertelmot,15047161606,993 7th Way,gbertelmot3t@utexas.edu
139,Patrizia,O'Heneghan,66793141491,32544 Village Green Avenue,poheneghan3u@google.nl
140,Dyanne,Braham,77791390190,805 Maple Drive,dbraham3v@lycos.com
141,Garwin,Callum,76674748010,1247 Tony Junction,gcallum3w@example.com
142,Nettie,Charman,78761485821,8 Red Cloud Court,ncharman3x@shutterfly.com
143,Aubrey,Annell,89905226375,910 Packers Way,aannell3y@alexa.com
144,Luis,Erswell,71524793035,5 Talisman Circle,lerswell3z@barnesandnoble.com
145,Curry,Goracci,61132986658,2946 High Crossing Park,cgoracci40@imdb.com
146,Korie,Bovaird,70507343692,4 Dixon Point,kbovaird41@etsy.com
147,Leia,Twiggs,54017994012,78667 Boyd Street,ltwiggs42@nba.com
148,Lothaire,Masser,39466619078,478 Gerald Hill,lmasser43@booking.com
149,Farand,Hatterslay,60601004975,10563 Armistice Park,fhatterslay44@example.com
150,Gran,Cato,70278105399,9 Emmet Crossing,gcato45@w3.org
151,Andrus,Dannett,77276758131,96 Hoard Pass,adannett46@seattletimes.com
152,Bertie,Jodlowski,19049829470,70 Sutteridge Street,bjodlowski47@freewebs.com
153,Cynthie,Deppe,92363063585,2964 Lawn Center,cdeppe48@typepad.com
154,Gordie,Aspinal,23399668068,0 Doe Crossing Road,gaspinal49@hexun.com
155,Heidie,Andryunin,91897375777,3634 Corben Drive,handryunin4a@amazon.de
156,Ernest,Bockmann,82145066978,4 Comanche Crossing,ebockmann4b@nih.gov
157,Madelena,Lorincz,70952968710,7226 Mesta Street,mlorincz4c@ucsd.edu
158,Farrell,Duffer,43585841109,64 Thierer Road,fduffer4d@fda.gov
159,Erich,Bunt,48850399596,9 Grayhawk Trail,ebunt4e@baidu.com
160,Gabrila,Whalley,89756857248,0 Laurel Pass,gwhalley4f@howstuffworks.com
161,Kippy,Fulk,27485378312,34 2nd Avenue,kfulk4g@cloudflare.com
162,Antonin,Reidshaw,72761865745,800 Eastwood Parkway,areidshaw4h@amazon.co.jp
163,Porty,Legerwood,57769641872,210 Namekagon Center,plegerwood4i@weebly.com
164,Garrick,Tingcomb,25934667001,9104 Farragut Avenue,gtingcomb4j@bigcartel.com
165,Dane,Applin,11885688406,6884 Londonderry Court,dapplin4k@auda.org.au
166,Lilith,Boissier,19208553442,9020 Twin Pines Trail,lboissier4l@bravesites.com
167,Silvie,Pikett,63763181945,726 Blue Bill Park Park,spikett4m@w3.org
168,Joannes,Wombwell,80771720913,94 Merrick Parkway,jwombwell4n@goodreads.com
169,Chevy,Yewen,78157803613,1 Bluejay Junction,cyewen4o@cornell.edu
170,Dorice,Braban,59183032495,686 Eliot Point,dbraban4p@themeforest.net
171,Dolores,Lardier,58057034248,85 Hayes Drive,dlardier4q@bandcamp.com
172,Nate,Grimmer,57275532275,80 Menomonie Hill,ngrimmer4r@imageshack.us
173,Harriott,Wootton,16091723585,49602 Clove Lane,hwootton4s@blogspot.com
174,Hilary,Rawles,64697882240,2 Lotheville Plaza,hrawles4t@ft.com
175,Daryl,Airlie,92877511637,4 Lillian Place,dairlie4u@sohu.com
176,Clementia,Liverock,13176330541,5905 Lunder Park,cliverock4v@geocities.com
177,Augie,Zotto,49962407004,75 Golf View Terrace,azotto4w@chron.com
178,Othilie,Scuffham,13105313757,6 4th Plaza,oscuffham4x@sogou.com
179,Lelah,Gorvette,57141343942,696 Dexter Trail,lgorvette4y@telegraph.co.uk
180,Vickie,Greensides,71087297204,31 Summit Road,vgreensides4z@thetimes.co.uk
181,Dahlia,McCoughan,14422122313,4 Mendota Lane,dmccoughan50@alibaba.com
182,Drusi,Ivanaev,34137810556,06593 Rigney Parkway,divanaev51@squarespace.com
183,Benji,Holbury,85410531095,8832 Lyons Point,bholbury52@simplemachines.org
184,Raphael,Henbury,91542587319,47 Schmedeman Terrace,rhenbury53@blogs.com
185,Jemie,Scullion,74527606598,9 Mcbride Trail,jscullion54@about.me
186,Raoul,Jerzyk,44702996711,971 Dovetail Way,rjerzyk55@purevolume.com
187,Sig,Quinnette,88108916732,741 Everett Drive,squinnette56@netvibes.com
188,Kessia,Crannis,98520862369,79012 Charing Cross Place,kcrannis57@ucoz.com
189,Edgar,Becker,17577255403,51565 Delladonna Hill,ebecker58@unicef.org
190,Saunder,Goly,47258298121,534 Katie Avenue,sgoly59@google.cn
191,Em,Dolder,28238684953,38 Warner Terrace,edolder5a@bloglines.com
192,Lazare,Rottery,17193598503,00933 Forest Run Hill,lrottery5b@mozilla.com
193,Bennie,Pavlishchev,69484062739,7613 Pearson Hill,bpavlishchev5c@phpbb.com
194,Kilian,Dowgill,70581278351,3 Forest Run Plaza,kdowgill5d@bing.com
195,Mina,Strowthers,76248697963,9136 Dennis Way,mstrowthers5e@jugem.jp
196,Hubert,Limbourne,84409036088,37 Ruskin Trail,hlimbourne5f@adobe.com
197,Von,Valois,63269619929,8798 Armistice Road,vvalois5g@nytimes.com
198,Yorgo,Yarnell,56574954453,2 Schiller Hill,yyarnell5h@exblog.jp
199,Jaime,Drance,19920879020,50669 Twin Pines Road,jdrance5i@engadget.com
200,Hebert,Guillerman,60385204840,37422 Rieder Circle,hguillerman5j@ucoz.com
